"N","bm2m1","by2y1","br","Orig Chi-p < 0.05","Adj Chi-p < 0.05","One-step Chi-p < 0.05","Orig Avg RMSEA","Adj Avg RMSEA","One-step Avg RMSEA"
50,0,0,0,0.017,0.081,0.069,0.0175231684973951,0.0585245084102526,0.0542897990371565
100,0,0,0,0.013,0.068,0.066,0.0114656941022157,0.0390953943713332,0.037146938488955
200,0,0,0,0.008,0.059,0.058,0.00680850542406921,0.0250921515076906,0.0243438413156108
500,0,0,0,0.009,0.05,0.05,0.00396900713214963,0.0154262548951264,0.0150567172220104
50,0.3,0,0,0.013,0.069,0.064,0.0158889600629043,0.056413737821798,0.052816112080501
100,0.3,0,0,0.01,0.057,0.055,0.00958417278122811,0.0353988684709981,0.03391517665066
200,0.3,0,0,0.017,0.071,0.068,0.00788754266861912,0.0277176966963254,0.0268772399757161
500,0.3,0,0,0.007,0.059,0.054,0.00428172288066265,0.0155934522372117,0.0152085417334273
50,0.7,0,0,0.019,0.069,0.057,0.0154960460295968,0.054173590532093,0.0511444420935865
100,0.7,0,0,0.008,0.045,0.045,0.0080467720479976,0.0320331529094465,0.0305936054836761
200,0.7,0,0,0.015,0.054,0.054,0.00677833189170093,0.0246139954187747,0.0238307362730223
500,0.7,0,0,0.01,0.055,0.053,0.00414730902354503,0.0144693078398528,0.0141718661390708
50,1,0,0,0.012,0.078,0.072,0.0167335763343224,0.0571065835885996,0.052737735051476
100,1,0,0,0.013,0.069,0.064,0.011258133351097,0.0374218868719785,0.0358183261464733
200,1,0,0,0.006,0.053,0.051,0.00678085311647725,0.0248065807902606,0.0240896795306989
500,1,0,0,0.009,0.049,0.049,0.00402366277988263,0.015186891072976,0.0147428162497322
50,0,0.3,0,0.006,0.072,0.067,0.014906038270485,0.0541775064327518,0.0503999858051261
100,0,0.3,0,0.012,0.062,0.058,0.0100209272181611,0.0359871797903194,0.0344546998248162
200,0,0.3,0,0.009,0.051,0.045,0.00672492017546909,0.0253611797881012,0.0245354276891752
500,0,0.3,0,0.013,0.069,0.068,0.00462233637650018,0.0155888223199568,0.0152589954195098
50,0.3,0.3,0,0.021,0.069,0.063,0.0178541459601689,0.0594830436565537,0.0563052896079588
100,0.3,0.3,0,0.009,0.066,0.063,0.0109286503587984,0.0381630634425091,0.0365803001443725
200,0.3,0.3,0,0.013,0.065,0.063,0.00714542385420454,0.024120118762124,0.023408306897507
500,0.3,0.3,0,0.01,0.053,0.05,0.0040862184658984,0.0153461083812723,0.0149100352016437
50,0.7,0.3,0,0.017,0.08,0.071,0.0167116030088201,0.0577070092948394,0.0536694418872937
100,0.7,0.3,0,0.015,0.054,0.049,0.00937739173910802,0.0351055062085126,0.0335322450918237
200,0.7,0.3,0,0.012,0.063,0.057,0.00694183814046578,0.0247653787545399,0.0240531170075641
500,0.7,0.3,0,0.008,0.055,0.054,0.00396482763020954,0.0156310272822086,0.01517655766528
50,1,0.3,0,0.019,0.079,0.074,0.0173615752882121,0.0588937924240966,0.0552429722014352
100,1,0.3,0,0.006,0.046,0.042,0.00816080272549888,0.0339497724952696,0.0320602730167896
200,1,0.3,0,0.013,0.052,0.051,0.00697963639774563,0.0242897617833907,0.0234366651926655
500,1,0.3,0,0.008,0.051,0.05,0.00396267059269507,0.0153267123694601,0.0149299793923052
50,0,0.7,0,0.029,0.081,0.074,0.01866743315142,0.0610639754088363,0.0562964258823483
100,0,0.7,0,0.014,0.053,0.052,0.00947276756186952,0.0359231971793275,0.0346035660581755
200,0,0.7,0,0.014,0.067,0.063,0.00794159970428462,0.0268618675509579,0.0260873790945713
500,0,0.7,0,0.003,0.052,0.052,0.00369897894097676,0.0138785086480918,0.0134703769679223
50,0.3,0.7,0,0.016,0.074,0.07,0.0175425599572041,0.0557534802080598,0.0526635984982896
100,0.3,0.7,0,0.015,0.076,0.073,0.0113219958447648,0.0379348970243358,0.0363158874640642
200,0.3,0.7,0,0.012,0.054,0.053,0.00695698810894443,0.0251004818669881,0.0244621638926418
500,0.3,0.7,0,0.005,0.048,0.046,0.0034789685140553,0.0141914778215602,0.0138382500722918
50,0.7,0.7,0,0.019,0.075,0.065,0.0163493183266832,0.0569112649819074,0.0528316156288793
100,0.7,0.7,0,0.013,0.057,0.055,0.00913912100394307,0.034029419811852,0.0324230472948183
200,0.7,0.7,0,0.012,0.067,0.064,0.00761153738305946,0.0258517910786658,0.0250014400349993
500,0.7,0.7,0,0.009,0.059,0.057,0.0041084840768676,0.0151449819949267,0.0147795516049729
50,1,0.7,0,0.014,0.066,0.063,0.0160822723072742,0.054262282338591,0.0506773042737193
100,1,0.7,0,0.012,0.065,0.062,0.0101650988306174,0.036490086782345,0.0349405509232139
200,1,0.7,0,0.01,0.065,0.064,0.00711869085806665,0.0266491750263641,0.0257354787440428
500,1,0.7,0,0.004,0.046,0.046,0.00372605424399944,0.0152028425291231,0.0148296185819922
50,0,1,0,0.016,0.074,0.064,0.017757160806832,0.0575223935124773,0.0539040213638172
100,0,1,0,0.013,0.058,0.058,0.00975460532272634,0.0344368637957588,0.032881243493249
200,0,1,0,0.007,0.045,0.044,0.00581065927182255,0.0223773597486117,0.0217193043496699
500,0,1,0,0.012,0.061,0.056,0.00405367107769986,0.0147385355751755,0.0143643734097679
50,0.3,1,0,0.013,0.068,0.061,0.0158531275767779,0.054796525638156,0.0515057257150175
100,0.3,1,0,0.02,0.067,0.062,0.0110470864804109,0.0377962905477552,0.0362039574412132
200,0.3,1,0,0.01,0.06,0.056,0.00706741074649393,0.0256171000845853,0.0248220878024077
500,0.3,1,0,0.014,0.054,0.052,0.00410103870767711,0.015900422610147,0.0154731135485672
50,0.7,1,0,0.016,0.072,0.067,0.0166825455019532,0.0571394685769914,0.0537188594220642
100,0.7,1,0,0.01,0.054,0.052,0.00951186617555728,0.036314864742236,0.0348701722761975
200,0.7,1,0,0.013,0.057,0.055,0.00637928646099844,0.023824094404193,0.0230248834316472
500,0.7,1,0,0.013,0.064,0.063,0.00479396136095398,0.0160352202452631,0.015669775536421
50,1,1,0,0.017,0.072,0.062,0.0165747253987455,0.0564121561747919,0.0521998381041278
100,1,1,0,0.015,0.068,0.065,0.0104063715674527,0.0377439631941624,0.0361840777955978
200,1,1,0,0.015,0.063,0.062,0.00722464959446664,0.0252113832460663,0.0244828733522014
500,1,1,0,0.004,0.046,0.042,0.00378934080024555,0.015361124181359,0.015000507274148
50,0,0,0.14,0.017,0.084,0.079,0.0171863738621436,0.055956297466546,0.0511903209946847
100,0,0,0.14,0.012,0.066,0.057,0.0114216765198942,0.0398943471175702,0.0373978510008841
200,0,0,0.14,0.008,0.053,0.05,0.00670631631587578,0.025250678415657,0.0239473406482794
500,0,0,0.14,0.014,0.071,0.064,0.00520270605633178,0.0178722638829917,0.0171209319527419
50,0.3,0,0.14,0.015,0.071,0.064,0.0163941307314717,0.0559337013099734,0.0515355136817897
100,0.3,0,0.14,0.013,0.069,0.063,0.010489324419432,0.0387267344278864,0.0363110443801492
200,0.3,0,0.14,0.007,0.052,0.05,0.00608794398387988,0.0245925108294728,0.0233447524256948
500,0.3,0,0.14,0.01,0.053,0.05,0.00429885075303761,0.0162707157727946,0.0154470108470147
50,0.7,0,0.14,0.016,0.073,0.061,0.0166091126274927,0.0577411443164693,0.0520492567467909
100,0.7,0,0.14,0.006,0.049,0.045,0.00902337657766159,0.0354524846934151,0.0331878708852684
200,0.7,0,0.14,0.012,0.057,0.053,0.00753362547970896,0.0254618133773664,0.0240809719194537
500,0.7,0,0.14,0.009,0.068,0.066,0.00462295754102487,0.0162342524606772,0.015418135889251
50,1,0,0.14,0.016,0.082,0.068,0.0177173070881824,0.060221048854668,0.0551356753856364
100,1,0,0.14,0.009,0.072,0.063,0.0108246931422661,0.0391208207957791,0.0367932390400097
200,1,0,0.14,0.012,0.07,0.063,0.007450099285759,0.0266803915162841,0.0254299625968435
500,1,0,0.14,0.008,0.061,0.055,0.00457784810535501,0.0155380860562293,0.0149109746478955
50,0,0.3,0.14,0.013,0.067,0.059,0.0161381093056461,0.0569364045950931,0.0515030456823864
100,0,0.3,0.14,0.012,0.059,0.052,0.0092044125785239,0.0346808493473658,0.0325376107343155
200,0,0.3,0.14,0.012,0.06,0.055,0.0072101423448581,0.0265888614197081,0.025072658321289
500,0,0.3,0.14,0.019,0.061,0.058,0.00430217240836429,0.0155515455153952,0.0148499472605203
50,0.3,0.3,0.14,0.018,0.085,0.076,0.0184172923082018,0.0596609940411885,0.0551375341326675
100,0.3,0.3,0.14,0.012,0.058,0.054,0.0102819312171124,0.0361443083038808,0.033922159458871
200,0.3,0.3,0.14,0.007,0.055,0.052,0.00602372819351732,0.0234971714176621,0.0222197121410522
500,0.3,0.3,0.14,0.008,0.057,0.055,0.00455126501684956,0.0165983067241313,0.0158178092229385
50,0.7,0.3,0.14,0.017,0.068,0.064,0.0166889042989845,0.0565108406913762,0.0522183335441303
100,0.7,0.3,0.14,0.014,0.061,0.056,0.0108472254003569,0.0398896451492554,0.0373823623977175
200,0.7,0.3,0.14,0.015,0.063,0.06,0.0072561183798953,0.0254134004347221,0.0242492765264245
500,0.7,0.3,0.14,0.01,0.047,0.046,0.00349764361960797,0.0142323764083661,0.0135986024139795
50,1,0.3,0.14,0.02,0.071,0.064,0.0164437475934001,0.05547948312039,0.0512203667199497
100,1,0.3,0.14,0.009,0.056,0.048,0.00910077491565155,0.0364367022927047,0.0342170532759332
200,1,0.3,0.14,0.01,0.06,0.059,0.00673682544764694,0.0250679124607793,0.0237387768722899
500,1,0.3,0.14,0.013,0.053,0.047,0.00410793383005222,0.0147192854246586,0.014004300344609
50,0,0.7,0.14,0.023,0.102,0.092,0.0208444481361215,0.0641298617616307,0.0591098285240886
100,0,0.7,0.14,0.016,0.069,0.06,0.0106593317708424,0.039275410547886,0.0369558553631741
200,0,0.7,0.14,0.01,0.051,0.049,0.0062750997563643,0.0244318181525928,0.0231760529390548
500,0,0.7,0.14,0.013,0.067,0.063,0.00462638311007336,0.0159895702675483,0.0153251207683975
50,0.3,0.7,0.14,0.01,0.069,0.064,0.0149827108209916,0.0541333175717746,0.0497819475103869
100,0.3,0.7,0.14,0.014,0.063,0.059,0.0111376141354046,0.0403572888699614,0.0378287942302966
200,0.3,0.7,0.14,0.011,0.062,0.057,0.00669037038097852,0.0253476041867498,0.0238993428180396
500,0.3,0.7,0.14,0.01,0.056,0.053,0.00414291971441431,0.0153438188407209,0.0146983623975359
50,0.7,0.7,0.14,0.011,0.073,0.069,0.0146152506169832,0.0511579428781536,0.046942716668341
100,0.7,0.7,0.14,0.01,0.049,0.046,0.00862562023955947,0.0326814405197435,0.0304337717785903
200,0.7,0.7,0.14,0.014,0.05,0.047,0.00663152975726039,0.0244769066213673,0.0232671537884834
500,0.7,0.7,0.14,0.007,0.054,0.049,0.0040695713896008,0.015597342334577,0.0147793473990719
50,1,0.7,0.14,0.015,0.075,0.064,0.0171297752506912,0.0609348854940071,0.05604895507312
100,1,0.7,0.14,0.014,0.067,0.063,0.0109755321755201,0.0385476354559103,0.0360216130871791
200,1,0.7,0.14,0.016,0.065,0.064,0.00736561248521059,0.0257744448904767,0.0245060056178663
500,1,0.7,0.14,0.016,0.073,0.07,0.00504755115621902,0.017555311215763,0.0167621146235239
50,0,1,0.14,0.016,0.068,0.06,0.0167591880820027,0.0573955306035835,0.0524089969784562
100,0,1,0.14,0.012,0.07,0.06,0.0110204871846747,0.0374472589986363,0.0352469225880895
200,0,1,0.14,0.01,0.072,0.066,0.00776301481458663,0.0254838572218165,0.0241847089271622
500,0,1,0.14,0.009,0.055,0.053,0.00416326341475017,0.0153977434945064,0.0146971899745858
50,0.3,1,0.14,0.013,0.07,0.059,0.0156482330079261,0.0538771835213292,0.0491949096610462
100,0.3,1,0.14,0.017,0.058,0.049,0.00989893602223193,0.0385635381493317,0.0362852133813276
200,0.3,1,0.14,0.011,0.066,0.059,0.00770820630105894,0.0278833839558856,0.0265484389828459
500,0.3,1,0.14,0.009,0.053,0.047,0.00399450766003191,0.0156321013155378,0.0148050479915745
50,0.7,1,0.14,0.026,0.085,0.079,0.0199479027587034,0.0626506761281443,0.0576579595824116
100,0.7,1,0.14,0.011,0.056,0.053,0.00985292535337271,0.0362387915729615,0.0341562258496196
200,0.7,1,0.14,0.018,0.059,0.055,0.00683779706241586,0.0263879160356917,0.0249987136675607
500,0.7,1,0.14,0.01,0.048,0.042,0.00377395302597144,0.0145600681308629,0.0137914705450514
50,1,1,0.14,0.017,0.081,0.071,0.0165054990635854,0.0575373248945128,0.0524803769052323
100,1,1,0.14,0.01,0.065,0.057,0.00994766922809857,0.0349878285231363,0.0327022314819756
200,1,1,0.14,0.01,0.058,0.05,0.00677769596937724,0.0239647151468614,0.0227636606468019
500,1,1,0.14,0.009,0.055,0.052,0.00417511693535225,0.0154228259836334,0.014745723142287
50,0,0,0.25,0.013,0.063,0.053,0.0159313783762266,0.0581242404682957,0.0508137902146315
100,0,0,0.25,0.021,0.095,0.081,0.0129225746454704,0.0406138653745864,0.0365803149732998
200,0,0,0.25,0.015,0.058,0.05,0.00748044585617537,0.0271969592518616,0.0248924907231381
500,0,0,0.25,0.011,0.056,0.047,0.00445897248810687,0.0165244701340006,0.0150456760427159
50,0.3,0,0.25,0.021,0.093,0.076,0.018934339494777,0.0606245406079627,0.054026942606984
100,0.3,0,0.25,0.014,0.064,0.059,0.0110951952370985,0.038343305356302,0.0344913254862575
200,0.3,0,0.25,0.012,0.055,0.048,0.00678796268151785,0.0268105382735888,0.0239991661907714
500,0.3,0,0.25,0.01,0.055,0.049,0.00408025021802912,0.0151359313421711,0.0135653793109038
50,0.7,0,0.25,0.023,0.078,0.061,0.0184118223871677,0.0617337906669906,0.0546301151093831
100,0.7,0,0.25,0.013,0.065,0.053,0.0103039992575463,0.0378872094121788,0.033894196734756
200,0.7,0,0.25,0.012,0.071,0.06,0.00833938355617763,0.0292854411286954,0.0263921511294166
500,0.7,0,0.25,0.015,0.053,0.049,0.00432055666272408,0.0164613677361089,0.0149808138676972
50,1,0,0.25,0.017,0.068,0.06,0.0163614183225491,0.0565828801271103,0.0499096496956551
100,1,0,0.25,0.015,0.07,0.059,0.0110271678307596,0.0390160716240907,0.0349587990491093
200,1,0,0.25,0.012,0.064,0.052,0.00741515999264469,0.0278222969408046,0.0251407848304643
500,1,0,0.25,0.017,0.064,0.054,0.00462167370187143,0.015898812188311,0.0145857974425142
50,0,0.3,0.25,0.026,0.089,0.076,0.0204840513200552,0.0636643790939105,0.0565990903682283
100,0,0.3,0.25,0.014,0.069,0.056,0.0112084964501574,0.0392626084365673,0.0349176271999487
200,0,0.3,0.25,0.011,0.064,0.054,0.00756054510472756,0.0272029006934476,0.0245838513107146
500,0,0.3,0.25,0.012,0.08,0.072,0.00547699751461963,0.018323362105407,0.0167370839575811
50,0.3,0.3,0.25,0.025,0.091,0.073,0.0206848177912585,0.0657338788471432,0.0583387088503006
100,0.3,0.3,0.25,0.01,0.062,0.048,0.0104264307917075,0.0377236773153408,0.0337097645623291
200,0.3,0.3,0.25,0.018,0.076,0.064,0.00847640760292109,0.0282115610508723,0.0256777660990649
500,0.3,0.3,0.25,0.014,0.059,0.05,0.00455827018831512,0.0159671056407046,0.0145984212812722
50,0.7,0.3,0.25,0.019,0.084,0.067,0.0191649240343566,0.0610940374723718,0.0539250775536179
100,0.7,0.3,0.25,0.015,0.079,0.067,0.0122206557990931,0.0408079714058774,0.0365112481063996
200,0.7,0.3,0.25,0.013,0.064,0.053,0.00736061680085247,0.0261445137260248,0.0235381957037169
500,0.7,0.3,0.25,0.005,0.05,0.045,0.00404415865004345,0.0157355563163459,0.0141378975148752
50,1,0.3,0.25,0.022,0.095,0.076,0.019823748260356,0.0638826492985033,0.0561659335794776
100,1,0.3,0.25,0.016,0.066,0.055,0.0109696288326226,0.0389907305760361,0.0350920829007208
200,1,0.3,0.25,0.01,0.074,0.063,0.00737411456472549,0.0261524165510296,0.0236009380539708
500,1,0.3,0.25,0.014,0.055,0.05,0.00448771804365652,0.0160838699668211,0.014512947543669
50,0,0.7,0.25,0.012,0.062,0.045,0.0157305597138824,0.0557866216124891,0.048810405437169
100,0,0.7,0.25,0.016,0.069,0.056,0.0127057341139109,0.0421402649455298,0.0381105011023592
200,0,0.7,0.25,0.016,0.059,0.048,0.00699775672575755,0.0266585801224599,0.0242409297289078
500,0,0.7,0.25,0.011,0.055,0.04,0.00400117862328403,0.0151854642319314,0.0137793214943806
50,0.3,0.7,0.25,0.013,0.071,0.059,0.0169464951184644,0.0584056018960285,0.051661114790131
100,0.3,0.7,0.25,0.009,0.056,0.049,0.00967678916593236,0.0356331312310376,0.0319833116901352
200,0.3,0.7,0.25,0.015,0.054,0.049,0.00729872591955957,0.0257857450513488,0.0233846770151218
500,0.3,0.7,0.25,0.011,0.065,0.05,0.00448813466196986,0.0153841207367513,0.0140404649422776
50,0.7,0.7,0.25,0.017,0.084,0.07,0.0195229755604991,0.0615702567797401,0.0542829533921092
100,0.7,0.7,0.25,0.017,0.073,0.064,0.0113802363902321,0.0395760291373107,0.0351397604121737
200,0.7,0.7,0.25,0.016,0.063,0.052,0.00713076348302378,0.0263093918111024,0.0237625268277503
500,0.7,0.7,0.25,0.012,0.059,0.049,0.0044936850139322,0.0162906209677759,0.0146952213720343
50,1,0.7,0.25,0.022,0.09,0.077,0.0201650319545995,0.0661478007238046,0.0583031063089067
100,1,0.7,0.25,0.019,0.073,0.061,0.0115423820234561,0.0383763907825305,0.0347671101794081
200,1,0.7,0.25,0.007,0.061,0.053,0.00711497912872751,0.0258165785053927,0.0230844164523403
500,1,0.7,0.25,0.009,0.055,0.047,0.00422594636282363,0.0157243730833941,0.0143008010430657
50,0,1,0.25,0.017,0.069,0.053,0.0163140962639247,0.0577196011994173,0.0507777942056625
100,0,1,0.25,0.015,0.067,0.053,0.010625019677421,0.0367060227608784,0.0330518926220681
200,0,1,0.25,0.012,0.059,0.051,0.00684112461364875,0.0252011701250391,0.0228256973448534
500,0,1,0.25,0.01,0.057,0.043,0.00409157458890769,0.0156632187741511,0.014305644158346
50,0.3,1,0.25,0.016,0.082,0.072,0.0178351267641942,0.0580635722644115,0.051725060680879
100,0.3,1,0.25,0.014,0.066,0.051,0.010552899113721,0.0379663298045944,0.0333455203007135
200,0.3,1,0.25,0.011,0.055,0.042,0.0072416372921274,0.0263556092611738,0.0238938130855927
500,0.3,1,0.25,0.015,0.06,0.048,0.00476178840315315,0.0168084914423845,0.0152645101291727
50,0.7,1,0.25,0.016,0.079,0.064,0.0186658383769421,0.0641204231028803,0.0563064550452715
100,0.7,1,0.25,0.016,0.075,0.064,0.0111028737166545,0.039918741344828,0.0354803672485444
200,0.7,1,0.25,0.012,0.066,0.061,0.00740884148126664,0.0266532480760316,0.024217300084305
500,0.7,1,0.25,0.007,0.065,0.056,0.00442359622484369,0.0161620993482992,0.0147766462108201
50,1,1,0.25,0.018,0.073,0.059,0.0174160903178331,0.060799686165,0.0527264191022687
100,1,1,0.25,0.014,0.06,0.049,0.00997076233758581,0.0375447454779348,0.0339483744985301
200,1,1,0.25,0.013,0.059,0.051,0.00753411680413427,0.0272895005864039,0.0246985690869434
500,1,1,0.25,0.014,0.052,0.038,0.00434396993307301,0.0162847578383841,0.0149028591202288
50,0,0,0.39,0.022,0.098,0.071,0.0214749172788248,0.0674323309185052,0.0544884037275437
100,0,0,0.39,0.023,0.09,0.061,0.0138513559107897,0.0433149141834525,0.0362106807331153
200,0,0,0.39,0.015,0.076,0.059,0.00801926073050895,0.0271785692292774,0.0225946753489807
500,0,0,0.39,0.013,0.062,0.036,0.0044867679127362,0.0164738319147372,0.0136417799554884
50,0.3,0,0.39,0.023,0.084,0.053,0.0181842573035689,0.0613277503451091,0.0490354930901586
100,0.3,0,0.39,0.027,0.086,0.064,0.0134739024885175,0.0446164729576349,0.0370910426834666
200,0.3,0,0.39,0.012,0.077,0.049,0.00820652433705396,0.0275243175235906,0.0225318265988023
500,0.3,0,0.39,0.014,0.08,0.055,0.00538252814421122,0.0178861388845008,0.0148841830481819
50,0.7,0,0.39,0.027,0.097,0.078,0.0213597089025286,0.0661549193702222,0.0553314195475673
100,0.7,0,0.39,0.02,0.085,0.069,0.0131884282438431,0.0433055929590367,0.0356651193843357
200,0.7,0,0.39,0.025,0.084,0.062,0.00926705690875874,0.0304006340885639,0.0254270662266388
500,0.7,0,0.39,0.015,0.075,0.047,0.00541330314908159,0.0179020466918246,0.0148359342937955
50,1,0,0.39,0.019,0.089,0.067,0.0193451215027194,0.0621721808547515,0.0501981483730297
100,1,0,0.39,0.019,0.067,0.042,0.0112211583244937,0.040077438865112,0.0324489296669373
200,1,0,0.39,0.012,0.078,0.054,0.00822175514166427,0.0286339213149843,0.0237433648466706
500,1,0,0.39,0.02,0.066,0.054,0.00495627276593646,0.0171376470494109,0.0142646269663766
50,0,0.3,0.39,0.014,0.074,0.053,0.0186596263130866,0.0626714628628229,0.0513618768190712
100,0,0.3,0.39,0.018,0.063,0.046,0.0113798213301328,0.0418219872351504,0.0340351012166891
200,0,0.3,0.39,0.009,0.075,0.055,0.0083199632547936,0.0288904016983629,0.0239294607152459
500,0,0.3,0.39,0.011,0.07,0.052,0.00494695488948461,0.0173234010184419,0.0142826516741917
50,0.3,0.3,0.39,0.023,0.072,0.056,0.0176129459090093,0.0603399343848518,0.0495313219491431
100,0.3,0.3,0.39,0.014,0.068,0.045,0.0114721483225123,0.040000177955119,0.0327276121778119
200,0.3,0.3,0.39,0.013,0.066,0.051,0.00800976133528399,0.0279854279613946,0.0230617668551306
500,0.3,0.3,0.39,0.016,0.084,0.063,0.00569201348233891,0.018354565156776,0.0152192484886748
50,0.7,0.3,0.39,0.016,0.091,0.055,0.0203032223943926,0.065635849703987,0.0531708790508635
100,0.7,0.3,0.39,0.025,0.096,0.07,0.0149813456863108,0.0448240464248403,0.0375864687451444
200,0.7,0.3,0.39,0.02,0.079,0.058,0.00918502081568434,0.0311959007716161,0.026242294599485
500,0.7,0.3,0.39,0.013,0.073,0.048,0.00533073505073025,0.0181634660428784,0.015132497234274
50,1,0.3,0.39,0.031,0.105,0.079,0.0218343087139419,0.0653524990057158,0.0540264592667697
100,1,0.3,0.39,0.026,0.094,0.065,0.0145828675591461,0.0468341120927843,0.0392119465593482
200,1,0.3,0.39,0.017,0.068,0.051,0.0082306018369779,0.0294056692169786,0.0240966747425255
500,1,0.3,0.39,0.015,0.064,0.049,0.00502786822760783,0.0179419235083791,0.0151340287574456
50,0,0.7,0.39,0.026,0.105,0.073,0.0213908650227831,0.0653995503871511,0.0532316872022152
100,0,0.7,0.39,0.016,0.07,0.051,0.0120579648609338,0.0409359126488561,0.0333269054180815
200,0,0.7,0.39,0.016,0.066,0.046,0.00802453868255107,0.0287841232395608,0.0236243796197348
500,0,0.7,0.39,0.019,0.069,0.052,0.00547414576469243,0.0193976111657627,0.0161853050977605
50,0.3,0.7,0.39,0.02,0.103,0.073,0.0216031584219155,0.0672053333063812,0.0552331843112009
100,0.3,0.7,0.39,0.013,0.079,0.052,0.0126471966748545,0.0417062715883756,0.0341363566152131
200,0.3,0.7,0.39,0.019,0.077,0.061,0.00885540736913329,0.0292063570730792,0.0243399262214754
500,0.3,0.7,0.39,0.017,0.071,0.046,0.00511509857052739,0.0175234983044133,0.0146323666590577
50,0.7,0.7,0.39,0.025,0.085,0.06,0.0206459487305447,0.0674797804288597,0.05429928289222
100,0.7,0.7,0.39,0.017,0.068,0.047,0.0110137399017915,0.0378053211873492,0.0307438492183103
200,0.7,0.7,0.39,0.015,0.08,0.054,0.00892164313020093,0.0294541448374658,0.0245513540063208
500,0.7,0.7,0.39,0.022,0.086,0.066,0.00597430132566834,0.018688575834175,0.0155751782731659
50,1,0.7,0.39,0.017,0.084,0.056,0.0177334212239437,0.0601877523404694,0.0481755247226051
100,1,0.7,0.39,0.019,0.086,0.064,0.0132946474863981,0.0445792454041623,0.0364404623161514
200,1,0.7,0.39,0.013,0.062,0.046,0.00762135086765523,0.0275697817146065,0.0228797884552667
500,1,0.7,0.39,0.018,0.086,0.061,0.00564982474479319,0.0191014914694266,0.0159283184590806
50,0,1,0.39,0.021,0.086,0.064,0.0192532768715326,0.0623395658549756,0.0495686942152887
100,0,1,0.39,0.023,0.082,0.064,0.0131695973149037,0.0424569058864679,0.0351985347423526
200,0,1,0.39,0.019,0.08,0.056,0.00904948271451794,0.0285288181783635,0.0237658177831652
500,0,1,0.39,0.018,0.07,0.051,0.00488997287945828,0.016688498899104,0.0139367787636215
50,0.3,1,0.39,0.018,0.091,0.054,0.0184171402771997,0.0623972961448283,0.050190716024308
100,0.3,1,0.39,0.01,0.073,0.055,0.0107396266357789,0.0374622889107054,0.030595656098337
200,0.3,1,0.39,0.016,0.088,0.064,0.00952315381945893,0.0300463924798385,0.0250317869558641
500,0.3,1,0.39,0.01,0.06,0.041,0.0044283135634604,0.0172663164967424,0.0142540447866801
50,0.7,1,0.39,0.023,0.092,0.074,0.0209327866063426,0.0651901662877098,0.0531636306017319
100,0.7,1,0.39,0.02,0.094,0.058,0.0139817859617246,0.0435126602382531,0.0357830989349446
200,0.7,1,0.39,0.015,0.075,0.053,0.00910391757358844,0.0300013337562367,0.0248941601702114
500,0.7,1,0.39,0.013,0.074,0.053,0.0051956721660095,0.0176110954806325,0.0145002950346899
50,1,1,0.39,0.029,0.102,0.076,0.0209410022059553,0.0648205357045452,0.0529380297152714
100,1,1,0.39,0.018,0.084,0.056,0.0128729116954946,0.0412790131743999,0.0341411613104001
200,1,1,0.39,0.02,0.075,0.053,0.00875241323465124,0.0289078734684818,0.0235180290491227
500,1,1,0.39,0.014,0.069,0.056,0.00494836827006055,0.0173684730906685,0.0144644745588856
50,0,0,0.59,0.025,0.114,0.059,0.0246879845517499,0.072224224461288,0.0513907196168068
100,0,0,0.59,0.024,0.101,0.057,0.0155948780167158,0.0491068748002439,0.0348845330506165
200,0,0,0.59,0.033,0.107,0.057,0.0116843765334543,0.0361483808994832,0.0255828084177195
500,0,0,0.59,0.023,0.09,0.045,0.0064571232674598,0.0202173722694434,0.0141846383032474
50,0.3,0,0.59,0.038,0.119,0.058,0.026092592698713,0.0772665002962739,0.0541346883733685
100,0.3,0,0.59,0.038,0.12,0.069,0.0179220651992031,0.0536486398191228,0.0380199530777913
200,0.3,0,0.59,0.024,0.106,0.063,0.0115736884417687,0.0346640472254669,0.024660997413161
500,0.3,0,0.59,0.028,0.087,0.049,0.00593853654537254,0.0194593639406749,0.0134278431985902
50,0.7,0,0.59,0.029,0.122,0.062,0.0251895921340823,0.0740237000273992,0.0527445111751696
100,0.7,0,0.59,0.033,0.117,0.069,0.0179315733719138,0.0518727059290246,0.037590167329827
200,0.7,0,0.59,0.022,0.085,0.04,0.00974163716092998,0.0316679287661317,0.0220899403219784
500,0.7,0,0.59,0.018,0.084,0.041,0.00631600172387013,0.0202519083392323,0.0143779595420104
50,1,0,0.59,0.033,0.109,0.057,0.024866493782217,0.0747746309681866,0.0520116206228059
100,1,0,0.59,0.023,0.111,0.054,0.0165589884658622,0.0502412560931815,0.036245846006199
200,1,0,0.59,0.032,0.105,0.059,0.0115673301228574,0.0347962479244155,0.0243645337338528
500,1,0,0.59,0.021,0.088,0.043,0.00621195519472639,0.0201912937700361,0.0140787554832785
50,0,0.3,0.59,0.042,0.116,0.064,0.0257244271293301,0.0741657893576592,0.0522259879118703
100,0,0.3,0.59,0.028,0.128,0.055,0.0182480165205517,0.0532758671905591,0.0379930948868115
200,0,0.3,0.59,0.029,0.111,0.054,0.0117549374141172,0.034685319545429,0.0245887790969873
500,0,0.3,0.59,0.018,0.073,0.041,0.00557404178355787,0.019507083404221,0.0134043069794406
50,0.3,0.3,0.59,0.037,0.133,0.078,0.0283142046101827,0.0802290747348686,0.0569216478588375
100,0.3,0.3,0.59,0.032,0.104,0.048,0.0158500081185284,0.0501777858279292,0.0348207876824797
200,0.3,0.3,0.59,0.036,0.108,0.067,0.0114573764883203,0.0341614007379118,0.0241112318380793
500,0.3,0.3,0.59,0.029,0.101,0.057,0.00701609332913846,0.0214864573525833,0.0151425290901893
50,0.7,0.3,0.59,0.035,0.136,0.073,0.0275430344510853,0.0770799570972508,0.0551611399045348
100,0.7,0.3,0.59,0.018,0.113,0.043,0.0165185427909388,0.0503266860120952,0.0357756804917516
200,0.7,0.3,0.59,0.026,0.102,0.056,0.011872468130776,0.0353307260325227,0.0258001093607611
500,0.7,0.3,0.59,0.021,0.097,0.047,0.00659651781131447,0.0215319653355315,0.0148888072713472
50,1,0.3,0.59,0.036,0.134,0.075,0.027039176325362,0.0751167897131038,0.0531171479540822
100,1,0.3,0.59,0.03,0.119,0.063,0.0186323090481063,0.0546779825518594,0.0397745003140137
200,1,0.3,0.59,0.023,0.092,0.052,0.0105968728655942,0.0329997550667811,0.0233322299927809
500,1,0.3,0.59,0.023,0.092,0.055,0.00667171300666777,0.0205214830415213,0.0145441598019156
50,0,0.7,0.59,0.041,0.125,0.065,0.0270860541693797,0.0778178946287942,0.0544893112412266
100,0,0.7,0.59,0.032,0.116,0.059,0.0175423151779035,0.051410187288746,0.0361025579019627
200,0,0.7,0.59,0.04,0.107,0.062,0.0115813793556236,0.0338223305689528,0.0241951940598842
500,0,0.7,0.59,0.013,0.088,0.039,0.0060032563667514,0.0197354714813795,0.0137724359993893
50,0.3,0.7,0.59,0.038,0.108,0.063,0.025008411681937,0.0733406118228882,0.0511705525310821
100,0.3,0.7,0.59,0.028,0.103,0.054,0.0161983968266658,0.0488510647897682,0.0336384386510506
200,0.3,0.7,0.59,0.017,0.087,0.048,0.0100400330409948,0.0318426448545732,0.0220836033950301
500,0.3,0.7,0.59,0.023,0.093,0.043,0.00649432851286503,0.0212083820519311,0.014901470779443
50,0.7,0.7,0.59,0.034,0.136,0.061,0.0284454276868895,0.0799306409530396,0.0558375377871299
100,0.7,0.7,0.59,0.031,0.108,0.055,0.0165027695528208,0.0490095259850781,0.0347644432924377
200,0.7,0.7,0.59,0.034,0.11,0.062,0.011203159520702,0.032845519649003,0.0234881297951661
500,0.7,0.7,0.59,0.024,0.099,0.056,0.00700098536834634,0.0219264361465747,0.0153975928706519
50,1,0.7,0.59,0.034,0.132,0.066,0.0259968317530928,0.0759954705014793,0.0540163025990867
100,1,0.7,0.59,0.031,0.117,0.064,0.0178376721035435,0.0521169819640597,0.0370318669394
200,1,0.7,0.59,0.027,0.119,0.057,0.0117325049804076,0.0349972648551784,0.0251592335702634
500,1,0.7,0.59,0.025,0.099,0.056,0.00654336106375167,0.0208020287845184,0.0147475386612586
50,0,1,0.59,0.027,0.111,0.053,0.022645952354625,0.0709231556436952,0.0485556559868424
100,0,1,0.59,0.027,0.106,0.054,0.0165248537872606,0.0506949602813694,0.0359263929373653
200,0,1,0.59,0.03,0.092,0.058,0.0100623456863909,0.0321980644430582,0.0220570255277607
500,0,1,0.59,0.029,0.094,0.053,0.00689866984571931,0.0214432971321165,0.0152242994703862
50,0.3,1,0.59,0.031,0.128,0.064,0.0259623884329112,0.0770240145553254,0.052169581772976
100,0.3,1,0.59,0.029,0.11,0.06,0.0170336995610608,0.0501748206585834,0.0356059767896893
200,0.3,1,0.59,0.022,0.101,0.047,0.0113954259766008,0.0348874397835701,0.0248613407233017
500,0.3,1,0.59,0.027,0.1,0.053,0.00684116372747045,0.0210184286652793,0.0148066779189443
50,0.7,1,0.59,0.024,0.127,0.055,0.0253366350416039,0.0712673500853752,0.0505106249329094
100,0.7,1,0.59,0.032,0.118,0.057,0.0183119809503456,0.0529015588212686,0.0379255320653774
200,0.7,1,0.59,0.034,0.113,0.059,0.011948608140969,0.0343054473659064,0.0246184206788499
500,0.7,1,0.59,0.026,0.105,0.053,0.00721694619922862,0.0213635685666181,0.0153124413316936
50,1,1,0.59,0.03,0.126,0.069,0.0261906696752435,0.0723335092019289,0.0520236749171208
100,1,1,0.59,0.031,0.111,0.062,0.0163707665304226,0.049826563817348,0.0354574096518445
200,1,1,0.59,0.029,0.112,0.06,0.0111078099677318,0.035077464884903,0.0245581085740647
500,1,1,0.59,0.018,0.111,0.054,0.00724005852078557,0.0218551027643138,0.0155665229691893
50,0,0,0.79,0.068,0.171,0.07,0.0361076258576658,0.0943572770379542,0.056028981746172
100,0,0,0.79,0.051,0.157,0.064,0.0229078201438744,0.0612065885709995,0.0359620845405379
200,0,0,0.79,0.043,0.136,0.047,0.0152325597537503,0.041758643281455,0.0245809657972226
500,0,0,0.79,0.048,0.15,0.059,0.00915808838166593,0.0246136079814956,0.014624311793275
50,0.3,0,0.79,0.053,0.164,0.079,0.0342752287774882,0.0883632309920426,0.0542676273304864
100,0.3,0,0.79,0.045,0.154,0.058,0.0219235754316762,0.060730496473358,0.0357293259695602
200,0.3,0,0.79,0.047,0.134,0.059,0.0138451107099227,0.0387071663401655,0.0224514124132062
500,0.3,0,0.79,0.038,0.136,0.05,0.00896986715744522,0.0252387092726389,0.0148653016913662
50,0.7,0,0.79,0.057,0.156,0.071,0.0335884127297459,0.0874416293557559,0.0532961526879066
100,0.7,0,0.79,0.043,0.142,0.043,0.0212797890141139,0.0571398082024126,0.0329078129549157
200,0.7,0,0.79,0.052,0.162,0.056,0.0160153971906068,0.0414913498473601,0.0249049604234377
500,0.7,0,0.79,0.049,0.142,0.06,0.00935867121692135,0.0253330499309479,0.0151426870677613
50,1,0,0.79,0.065,0.17,0.075,0.0347592020652737,0.0887181617448656,0.0529956914419019
100,1,0,0.79,0.047,0.129,0.055,0.0205059848181556,0.0564161607106682,0.0337970738424379
200,1,0,0.79,0.035,0.128,0.044,0.0145626932602895,0.0405807981913199,0.0244622461820903
500,1,0,0.79,0.044,0.155,0.062,0.0096348560105517,0.025275001077922,0.015023613139225
50,0,0.3,0.79,0.047,0.148,0.061,0.0313755248773428,0.0864078001467863,0.0502191649642109
100,0,0.3,0.79,0.051,0.16,0.064,0.0227139919717826,0.0606742958380435,0.0361027870998451
200,0,0.3,0.79,0.045,0.144,0.051,0.0151204671174694,0.0415859312572692,0.0242737867071469
500,0,0.3,0.79,0.052,0.144,0.06,0.0094530653901421,0.0252835189708845,0.0150294664251164
50,0.3,0.3,0.79,0.053,0.146,0.062,0.0305713239496003,0.0830915553447048,0.0489473832118072
100,0.3,0.3,0.79,0.037,0.111,0.047,0.017627198505706,0.0524764109455711,0.0300628631893031
200,0.3,0.3,0.79,0.046,0.141,0.054,0.0151989768439674,0.0414226313268663,0.0243329640781715
500,0.3,0.3,0.79,0.046,0.141,0.054,0.00926682998014357,0.0240928731995218,0.0142936994870172
50,0.7,0.3,0.79,0.058,0.155,0.072,0.033114754202216,0.088087210037204,0.0529492322008336
100,0.7,0.3,0.79,0.041,0.139,0.05,0.0215822160793927,0.0586638315660863,0.0348136019185809
200,0.7,0.3,0.79,0.038,0.145,0.049,0.0149763494425381,0.0406519681428,0.0241805332721573
500,0.7,0.3,0.79,0.047,0.143,0.058,0.00954131192674347,0.0254395513788743,0.0151863138701241
50,1,0.3,0.79,0.052,0.162,0.066,0.0337461153321549,0.0877748355210342,0.051917571568843
100,1,0.3,0.79,0.038,0.135,0.052,0.0199682974824894,0.0562099713235203,0.0325384634529794
200,1,0.3,0.79,0.041,0.125,0.054,0.0138066944707579,0.0387508855976,0.022517086864272
500,1,0.3,0.79,0.041,0.149,0.052,0.0092296853726375,0.0256487937527425,0.0150303237873116
50,0,0.7,0.79,0.051,0.157,0.052,0.0325366411346352,0.0892974943377998,0.0520381832344008
100,0,0.7,0.79,0.042,0.129,0.046,0.0197152272183731,0.058283578516595,0.0329026163250414
200,0,0.7,0.79,0.04,0.121,0.046,0.0137378527769251,0.0390728433481573,0.0228428877873541
500,0,0.7,0.79,0.035,0.135,0.041,0.00892369477663361,0.0254760607183111,0.0147035742920057
50,0.3,0.7,0.79,0.049,0.166,0.069,0.0336416240021218,0.0904601906591416,0.0535007225640981
100,0.3,0.7,0.79,0.04,0.153,0.049,0.0221724514237499,0.0607167554658242,0.0363232810808604
200,0.3,0.7,0.79,0.036,0.129,0.047,0.0143943867104841,0.0402819192100176,0.0241240185656555
500,0.3,0.7,0.79,0.038,0.121,0.052,0.00824322570795648,0.0230961723826826,0.0134869071080942
50,0.7,0.7,0.79,0.048,0.163,0.062,0.0324401462981246,0.0884673956685974,0.0518286414991522
100,0.7,0.7,0.79,0.041,0.141,0.042,0.0210443683742773,0.0575875265842185,0.0334463142633811
200,0.7,0.7,0.79,0.046,0.143,0.058,0.0151977608060861,0.0401021020927127,0.0241460638419563
500,0.7,0.7,0.79,0.04,0.127,0.047,0.00861074136598393,0.0241833421457259,0.0141214395890533
50,1,0.7,0.79,0.057,0.173,0.068,0.0345098173429286,0.0872212686900213,0.0527636019407654
100,1,0.7,0.79,0.052,0.137,0.064,0.0211030170551808,0.0592865657766808,0.0342377119360533
200,1,0.7,0.79,0.047,0.159,0.054,0.0155008858590802,0.0417162832051579,0.0244883166261349
500,1,0.7,0.79,0.034,0.134,0.047,0.00918607105480889,0.0255487519195585,0.0150228708152131
50,0,1,0.79,0.052,0.16,0.061,0.0325048630464182,0.087472816439162,0.0527342507038367
100,0,1,0.79,0.042,0.158,0.065,0.021688141729413,0.0594850158862767,0.0354311687685456
200,0,1,0.79,0.041,0.12,0.044,0.0136100107290461,0.0379147077535793,0.02249858470942
500,0,1,0.79,0.043,0.15,0.05,0.00956051313563257,0.0265730692480841,0.015447984806277
50,0.3,1,0.79,0.062,0.167,0.07,0.035113790274299,0.0896133959825538,0.0544013426547558
100,0.3,1,0.79,0.046,0.153,0.063,0.0217396349084282,0.0589057155679036,0.0360935287463379
200,0.3,1,0.79,0.037,0.135,0.05,0.0138892270704744,0.0389450040369638,0.0230639661443352
500,0.3,1,0.79,0.031,0.135,0.044,0.00875101996927581,0.0245607199799561,0.014298304057953
50,0.7,1,0.79,0.054,0.168,0.054,0.0329386126108634,0.0845487670044863,0.0505706659559679
100,0.7,1,0.79,0.05,0.149,0.054,0.023057537150302,0.0607313183844023,0.0362757053345494
200,0.7,1,0.79,0.041,0.157,0.051,0.0158502756141721,0.0417723974715122,0.0246520764150336
500,0.7,1,0.79,0.047,0.134,0.054,0.00908168820419872,0.0258554393217619,0.0149177408800882
50,1,1,0.79,0.064,0.156,0.073,0.0334067543815469,0.0867162620037815,0.0524097400889991
100,1,1,0.79,0.043,0.146,0.05,0.0213114772797546,0.0575483629368415,0.0336254103096709
200,1,1,0.79,0.051,0.14,0.06,0.0156857070075007,0.0416680063630596,0.0244844600540002
500,1,1,0.79,0.042,0.14,0.051,0.00906363259975775,0.0255287368311854,0.014917548091711
